"Index";"Product Name"
1;"Product 1"
2;"Product 2"
3;"Product 3"
4;"Product 4"
5;"Product 5"
6;"Product 6"
7;"Product 7"
8;"Product 8"
9;"Product 9"
10;"Product 10"
11;"Product 11"
12;"Product 12"
13;"Product 13"
14;"Product 14"
15;"Product 15"
16;"Product 16"
17;"Product 17"
18;"Product 18"
19;"Product 19"
20;"Product 20"
21;"Product 21"
22;"Product 22"
23;"Product 23"
24;"Product 24"
25;"Product 25"
26;"Product 26"
27;"Product 27"
28;"Product 28"
29;"Product 29"
30;"Product 30"
