Customer Index,Customer Names
1,Geiss Company
2,Jaxbean Group
3,Ascend Ltd
4,Eire Corp
5,Blogtags Ltd
6,Family Corp
7,Skidoo Company
8,Amerisourc Corp
9,Walgreen Corp
10,Unit Ltd
11,Voonyx Group
12,Realcube Company
13,Nexus Group
14,Alembic Ltd
15,Centizu Company
16,Arbor Company
17,Liberty Group
18,Omba Group
19,Roberts Company
20,Tagfeed Ltd
21,Viva Ltd
22,SAFEWAY Ltd
23,Devpoint Group
24,Mylan Corp
25,Zoonoodle Ltd
26,Avavee Group
27,Wise Company
28,Army Group
29,Voolia Ltd
30,Shuffledri Group
31,Golden Corp
32,EMD Group
33,Cadila Ltd
34,Z.H.T. Group
35,Aromaticos Company
36,Trunyx Ltd
37,Mycone Ltd
38,Neutrogena Ltd
39,Kazu Corp
40,Twinte Group
41,Pixoboo Corp
42,Colgate-Pa Group
43,Pacific Ltd
44,Fivechat Company
45,State Ltd
46,Chatterpoi Corp
47,Gigabox Group
48,Rochester Group
49,Skyvu Group
50,Wordtune Company
51,Yombu Corp
52,Avamba Company
53,Kare Corp
54,Revitol Company
55,American Corp
56,Realpoint Corp
57,Camido Company
58,Ozu Ltd
59,Gabvine Ltd
60,BTA Corp
61,Eidel Corp
62,Topiczoom Corp
63,Pfizer Corp
64,Fatz Group
65,CARDINAL Group
66,Bluezoom Group
67,Skyble Corp
68,True Ltd
69,Vinte Group
70,Cogidoo Company
71,Remedy Ltd
72,Wordware Company
73,Deseret Group
74,Dazzlesphe Corp
75,Cogilith Group
76,NARS Group
77,Valeant Corp
78,US Ltd
79,Blogspan Ltd
80,Realbuzz Ltd
81,General Company
82,Accudial Company
83,sanofi-ave Group
84,The Ltd
85,Lazzy Group
86,Voolith Ltd
87,Johnson Ltd
88,Twitterbri Ltd
89,Internatio Company
90,Aimbo Corp
91,Zoonder Group
92,Yodoo Ltd
93,Meejo Corp
94,Browsetype Corp
95,Realbridge Corp
96,Thoughtmix Ltd
97,Twimbo Company
98,Natures Group
99,Flipbug Ltd
100,Aibox Company
101,Feednation Corp
102,Linkbuzz Ltd
103,Skajo Ltd
104,Mydeo Ltd
105,Oozz Group
106,Organon Corp
107,NCS Group
108,Vitz Company
109,WOCKHARDT Group
110,Holston Company
111,Buzzbean Group
112,Skiptube Ltd
113,Talane Group
114,Terumo Corp
115,Dynazzy Company
116,Epic Group
117,ALK-Abello Ltd
118,MEIJER Corp
119,Livepath Corp
120,Chatterbri Ltd
121,Tambee Company
122,Brightdog Corp
123,Muxo Group
124,Roomm Company
125,Zooveo Company
126,Rhynoodle Ltd
127,Topco Company
128,Cantrell Company
129,Sanum-Kehl Group
130,Jayo Company
131,Rooxo Company
132,CLINIQUE Ltd
133,Mydo Corp
134,Quimm Company
135,Kaymbo Company
136,Bath Group
137,Aldi Ltd
138,Zoovu Corp
139,Zoomzone Corp
140,Safecor Corp
141,Skinder Group
142,Skippad Ltd
143,Mita Corp
144,Wordpedia Ltd
145,Janyx Group
146,Vimbo Company
147,SUPERVALU Ltd
148,Jabbercube Corp
149,Fred's Company
150,Zooxo Ltd
151,Snaptags Ltd
152,Eayo Company
153,WOONSOCKET Corp
154,GOOD Ltd
155,Zoomdog Corp
156,Actavis Company
157,Flipstorm Group
158,Linklinks Ltd
159,Quaxo Ltd
160,Browsebug Company
161,Aveda Group
162,Oba Company
163,Zava Group
164,Divanoodle Ltd
165,Buzzshare Company
166,Brainspher Ltd
167,Nlounge Ltd
168,Podcat Corp
169,Fivebridge Ltd
170,SEINDNI Corp
171,Accord Group
172,BB17 Company
173,H Ltd
174,Tekfly Group
175,SHISEIDO Ltd
